"A.Cactus","DMR","12.5","447.500000","442.500000","A.Dallas","NORMAL","Always","Medium","Medium","300","0","LOW","No","No","No","No","No","NONE","NONE","120","Off","Off","NO","NO","NO","NO","NO","NO","NO","NO","NO","NO","NO","NO","NONE","Cactus","Regional","1","NONE","1","2"
"A.DCI Bridge","DMR","12.5","445.637500","440.637500","A.Dallas","NORMAL","Always","Medium","Medium","300","0","LOW","No","No","No","No","No","NONE","NONE","120","Off","Off","NO","NO","NO","NO","NO","NO","NO","NO","NO","NO","NO","NO","NONE","DCI Bridge","National","1","NONE","1","2"
"A.Metro","DMR","12.5","445.637500","440.637500","A.Dallas","NORMAL","Always","Medium","Medium","300","0","LOW","No","No","No","No","No","NONE","NONE","120","Off","Off","NO","NO","NO","NO","NO","NO","NO","NO","NO","NO","NO","NO","NONE","Metro 1","Local","1","NONE","1","1"
"A.Mid Atlantic","DMR","12.5","445.637500","440.637500","A.Dallas","NORMAL","Always","Medium","Medium","300","0","LOW","No","No","No","No","No","NONE","NONE","120","Off","Off","NO","NO","NO","NO","NO","NO","NO","NO","NO","NO","NO","NO","NONE","Mid Atlantic","Regional","1","NONE","1","2"
"A.NA","DMR","12.5","447.500000","442.500000","A.Dallas","NORMAL","Always","Medium","Medium","300","0","LOW","No","No","No","No","No","NONE","NONE","120","Off","Off","NO","NO","NO","NO","NO","NO","NO","NO","NO","NO","NO","NO","NONE","North America","National","1","NONE","1","1"
"A.S.Plains","DMR","12.5","447.500000","442.500000","A.Dallas","NORMAL","Always","Medium","Medium","300","0","LOW","No","No","No","No","No","NONE","NONE","120","Off","Off","NO","NO","NO","NO","NO","NO","NO","NO","NO","NO","NO","NO","NONE","S.Plains","Regional","1","NONE","1","2"
"A.SE Region","DMR","12.5","445.637500","440.637500","A.Dallas","NORMAL","Always","Medium","Medium","300","0","LOW","No","No","No","No","No","NONE","NONE","120","Off","Off","NO","NO","NO","NO","NO","NO","NO","NO","NO","NO","NO","NO","NONE","SE Region","Regional","1","NONE","1","2"
"A.TAC310","DMR","12.5","447.500000","442.500000","A.Dallas","NORMAL","Always","Medium","Medium","300","0","LOW","No","No","No","No","No","NONE","NONE","120","Off","Off","NO","NO","NO","NO","NO","NO","NO","NO","NO","NO","NO","NO","NONE","TAC310","Worldwide","1","NONE","1","2"
"A.TAC311","DMR","12.5","445.637500","440.637500","A.Dallas","NORMAL","Always","Medium","Medium","300","0","LOW","No","No","No","No","No","NONE","NONE","120","Off","Off","NO","NO","NO","NO","NO","NO","NO","NO","NO","NO","NO","NO","NONE","TAC311","Worldwide","1","NONE","1","2"
"A.TX Statewide","DMR","12.5","445.637500","440.637500","A.Dallas","NORMAL","Always","Medium","Medium","300","0","LOW","No","No","No","No","No","NONE","NONE","120","Off","Off","NO","NO","NO","NO","NO","NO","NO","NO","NO","NO","NO","NO","NONE","Texas","Statewide 2","1","NONE","1","2"
"A.WW","DMR","12.5","447.500000","442.500000","A.Dallas","NORMAL","Always","Medium","Medium","300","0","LOW","No","No","No","No","No","NONE","NONE","120","Off","Off","NO","NO","NO","NO","NO","NO","NO","NO","NO","NO","NO","NO","NONE","Worldwide","Worldwide","1","NONE","1","1"
"A.WWe","DMR","12.5","445.637500","440.637500","A.Dallas","NORMAL","Always","Medium","Medium","300","0","LOW","No","No","No","No","No","NONE","NONE","120","Off","Off","NO","NO","NO","NO","NO","NO","NO","NO","NO","NO","NO","NO","NONE","WW English","Worldwide","1","NONE","1","1"
"B.BM 3148","DMR","12.5","448.400000","443.400000","B.Arlington","NORMAL","Always","Medium","Medium","300","0","LOW","No","No","No","No","No","NONE","NONE","120","Off","Off","NO","NO","NO","NO","NO","NO","NO","NO","NO","NO","NO","NO","NONE","BM 3148","Statewide 2","1","NONE","1","1"
"B.Cactus","DMR","12.5","448.400000","443.400000","B.Arlington","NORMAL","Always","Medium","Medium","300","0","LOW","No","No","No","No","No","NONE","NONE","120","Off","Off","NO","NO","NO","NO","NO","NO","NO","NO","NO","NO","NO","NO","NONE","Cactus","Regional","1","NONE","1","2"
"B.Local","DMR","12.5","448.400000","443.400000","B.Arlington","NORMAL","Always","Medium","Medium","300","0","LOW","No","No","No","No","No","NONE","NONE","120","Off","Off","NO","NO","NO","NO","NO","NO","NO","NO","NO","NO","NO","NO","NONE","Local","Local","1","NONE","1","1"
"B.Metro","DMR","12.5","448.400000","443.400000","B.Arlington","NORMAL","Always","Medium","Medium","300","0","LOW","No","No","No","No","No","NONE","NONE","120","Off","Off","NO","NO","NO","NO","NO","NO","NO","NO","NO","NO","NO","NO","NONE","Metro 1","Local","1","NONE","1","2"
"B.NA","DMR","12.5","448.400000","443.400000","B.Arlington","NORMAL","Always","Medium","Medium","300","0","LOW","No","No","No","No","No","NONE","NONE","120","Off","Off","NO","NO","NO","NO","NO","NO","NO","NO","NO","NO","NO","NO","NONE","North America","National","1","NONE","1","1"
"B.S.Plains","DMR","12.5","448.400000","443.400000","B.Arlington","NORMAL","Always","Medium","Medium","300","0","LOW","No","No","No","No","No","NONE","NONE","120","Off","Off","NO","NO","NO","NO","NO","NO","NO","NO","NO","NO","NO","NO","NONE","S.Plains","Regional","1","NONE","1","2"
"B.TX Statewide","DMR","12.5","448.400000","443.400000","B.Arlington","NORMAL","Always","Medium","Medium","300","0","LOW","No","No","No","No","No","NONE","NONE","120","Off","Off","NO","NO","NO","NO","NO","NO","NO","NO","NO","NO","NO","NO","NONE","Texas","Statewide 2","1","NONE","1","1"
"B.Tarrant County","DMR","12.5","448.400000","443.400000","B.Arlington","NORMAL","Always","Medium","Medium","300","0","LOW","No","No","No","No","No","NONE","NONE","120","Off","Off","NO","NO","NO","NO","NO","NO","NO","NO","NO","NO","NO","NO","NONE","Metro 2","Local","1","NONE","1","1"
"C.AllStar","DMR","12.5","448.262500","443.262500","-NULL-","TIGHT","Always","Medium","Medium","300","0","LOW","No","No","No","No","No","000.0","000.0","180","DTMF-2","DTMF-2","NO","NO","NO","NO","NO","NO","NO","NO","NO","NO","NO","NO","NONE","Echo/IRLP","National","1","NONE","16","1"
"C.Audio Test","DMR","12.5","448.262500","443.262500","-NULL-","TIGHT","Always","Medium","Medium","300","0","LOW","No","No","No","No","No","000.0","000.0","180","DTMF-2","DTMF-2","NO","NO","NO","NO","NO","NO","NO","NO","NO","NO","NO","NO","NONE","Audio Test","Local","1","NONE","16","2"
"C.California","DMR","12.5","448.262500","443.262500","-NULL-","TIGHT","Always","Medium","Medium","300","0","LOW","No","No","No","No","No","000.0","000.0","180","DTMF-2","DTMF-2","NO","NO","NO","NO","NO","NO","NO","NO","NO","NO","NO","NO","NONE","California","Statewide 2","1","NONE","16","1"
"C.Chicago 1","DMR","12.5","448.262500","443.262500","C.Hurst","NORMAL","Always","Medium","Medium","300","0","LOW","No","No","No","No","No","060.0","060.0","180","Off","Off","NO","NO","NO","NO","NO","NO","NO","NO","NO","NO","NO","NO","NONE","Chicago 1","Local","1","NONE","1","1"
"C.Chicago 2","DMR","12.5","448.262500","443.262500","C.Hurst","NORMAL","Always","Medium","Medium","300","0","LOW","No","No","No","No","No","NONE","NONE","120","Off","Off","NO","NO","NO","NO","NO","NO","NO","NO","NO","NO","NO","NO","NONE","Chicago 2","Local","1","NONE","1","2"
"C.DCI Bridge","DMR","12.5","448.262500","443.262500","-NULL-","TIGHT","Always","Medium","Medium","300","0","LOW","No","No","No","No","No","000.0","000.0","180","DTMF-2","DTMF-2","NO","NO","NO","NO","NO","NO","NO","NO","NO","NO","NO","NO","NONE","DCI Bridge","National","1","NONE","16","2"
"C.Echo/IRLP","DMR","12.5","448.262500","443.262500","-NULL-","TIGHT","Always","Medium","Medium","300","0","LOW","No","No","No","No","No","000.0","000.0","180","DTMF-2","DTMF-2","NO","NO","NO","NO","NO","NO","NO","NO","NO","NO","NO","NO","NONE","Echo/IRLP","National","1","NONE","16","1"
"C.Illinois","DMR","12.5","448.262500","443.262500","-NULL-","TIGHT","Always","Medium","Medium","300","0","LOW","No","No","No","No","No","000.0","000.0","180","DTMF-2","DTMF-2","NO","NO","NO","NO","NO","NO","NO","NO","NO","NO","NO","NO","NONE","Illinois","Statewide 2","1","NONE","16","1"
"C.Local","DMR","12.5","448.262500","443.262500","C.Hurst","NORMAL","Always","Medium","Medium","300","0","LOW","No","No","No","No","No","NONE","NONE","120","Off","Off","NO","NO","NO","NO","NO","NO","NO","NO","NO","NO","NO","NO","NONE","Local","Local","1","NONE","1","1"
"C.MW Region","DMR","12.5","448.262500","443.262500","-NULL-","TIGHT","Always","Medium","Medium","300","0","LOW","No","No","No","No","No","000.0","000.0","180","DTMF-2","DTMF-2","NO","NO","NO","NO","NO","NO","NO","NO","NO","NO","NO","NO","NONE","MW Region","Regional","1","NONE","16","2"
"C.Massechusets","DMR","12.5","448.262500","443.262500","-NULL-","TIGHT","Always","Medium","Medium","300","0","LOW","No","No","No","No","No","000.0","000.0","180","DTMF-2","DTMF-2","NO","NO","NO","NO","NO","NO","NO","NO","NO","NO","NO","NO","NONE","Massachusetts","Statewide 2","1","NONE","16","1"
"C.Metro","DMR","12.5","448.262500","443.262500","C.Hurst","NORMAL","Always","Medium","Medium","300","0","LOW","No","No","No","No","No","NONE","NONE","120","Off","Off","NO","NO","NO","NO","NO","NO","NO","NO","NO","NO","NO","NO","NONE","Metro 1","Local","1","NONE","1","1"
"C.Michigan","DMR","12.5","448.262500","443.262500","-NULL-","TIGHT","Always","Medium","Medium","300","0","LOW","No","No","No","No","No","000.0","000.0","180","DTMF-2","DTMF-2","NO","NO","NO","NO","NO","NO","NO","NO","NO","NO","NO","NO","NONE","Michigan","Statewide 2","1","NONE","16","1"
"C.Minnesota","DMR","12.5","448.262500","443.262500","-NULL-","TIGHT","Always","Medium","Medium","300","0","LOW","No","No","No","No","No","000.0","000.0","180","DTMF-2","DTMF-2","NO","NO","NO","NO","NO","NO","NO","NO","NO","NO","NO","NO","NONE","Minnesota","Statewide 2","1","NONE","16","1"
"C.Mountain","DMR","12.5","448.262500","443.262500","C.Hurst","NORMAL","Always","Medium","Medium","300","0","LOW","No","No","No","No","No","NONE","NONE","120","Off","Off","NO","NO","NO","NO","NO","NO","NO","NO","NO","NO","NO","NO","NONE","Mountain","Regional","1","NONE","1","1"
"C.NA","DMR","12.5","448.262500","443.262500","C.Hurst","NORMAL","Always","Medium","Medium","300","0","LOW","No","No","No","No","No","NONE","NONE","120","Off","Off","NO","NO","NO","NO","NO","NO","NO","NO","NO","NO","NO","NO","NONE","North America","National","1","NONE","1","2"
"C.NE Region","DMR","12.5","448.262500","443.262500","C.Hurst","NORMAL","Always","Medium","Medium","300","0","LOW","No","No","No","No","No","NONE","NONE","120","Off","Off","NO","NO","NO","NO","NO","NO","NO","NO","NO","NO","NO","NO","NONE","NE Region","Regional","1","NONE","1","1"
"C.Ohio","DMR","12.5","448.262500","443.262500","-NULL-","TIGHT","Always","Medium","Medium","300","0","LOW","No","No","No","No","No","000.0","000.0","180","DTMF-2","DTMF-2","NO","NO","NO","NO","NO","NO","NO","NO","NO","NO","NO","NO","NONE","Ohio","Statewide 2","1","NONE","16","1"
"C.Parrot","DMR","12.5","448.262500","443.262500","-NULL-","TIGHT","Always","Medium","Medium","300","0","LOW","No","No","No","No","No","000.0","000.0","180","DTMF-2","DTMF-2","NO","NO","NO","NO","NO","NO","NO","NO","NO","NO","NO","NO","NONE","Parrot","Local","1","NONE","16","2"
"C.S.Plains","DMR","12.5","448.262500","443.262500","C.Hurst","NORMAL","Always","Medium","Medium","300","0","LOW","No","No","No","No","No","NONE","NONE","120","Off","Off","NO","NO","NO","NO","NO","NO","NO","NO","NO","NO","NO","NO","NONE","S.Plains","Regional","1","NONE","1","1"
"C.SE Region","DMR","12.5","448.262500","443.262500","C.Hurst","NORMAL","Always","Medium","Medium","300","0","LOW","No","No","No","No","No","NONE","NONE","120","Off","Off","NO","NO","NO","NO","NO","NO","NO","NO","NO","NO","NO","NO","NONE","SE Region","Regional","1","NONE","1","1"
"C.SW Region","DMR","12.5","448.262500","443.262500","C.Hurst","NORMAL","Always","Medium","Medium","300","0","LOW","No","No","No","No","No","NONE","NONE","120","Off","Off","NO","NO","NO","NO","NO","NO","NO","NO","NO","NO","NO","NO","NONE","SW Region","Regional","1","NONE","1","1"
"C.Stroke DMR 1","DMR","12.5","448.262500","443.262500","C.Hurst","NORMAL","Always","Medium","Medium","300","0","LOW","No","No","No","No","No","NONE","NONE","120","Off","Off","NO","NO","NO","NO","NO","NO","NO","NO","NO","NO","NO","NO","NONE","Stroke DMR 1","Local","1","NONE","1","1"
"C.TAC1","DMR","12.5","448.262500","443.262500","-NULL-","TIGHT","Always","Medium","Medium","300","0","LOW","No","No","No","No","No","000.0","000.0","180","DTMF-2","DTMF-2","NO","NO","NO","NO","NO","NO","NO","NO","NO","NO","NO","NO","NONE","TAC1","Worldwide","1","NONE","16","2"
"C.TAC310","DMR","12.5","448.262500","443.262500","C.Hurst","NORMAL","Always","Medium","Medium","300","0","LOW","No","No","No","No","No","NONE","NONE","120","Off","Off","NO","NO","NO","NO","NO","NO","NO","NO","NO","NO","NO","NO","NONE","TAC310","Worldwide","1","NONE","1","2"
"C.TAC311","DMR","12.5","448.262500","443.262500","C.Hurst","NORMAL","Always","Medium","Medium","300","0","LOW","No","No","No","No","No","NONE","NONE","120","Off","Off","NO","NO","NO","NO","NO","NO","NO","NO","NO","NO","NO","NO","NONE","TAC311","Worldwide","1","NONE","1","2"
"C.TRBO6 Comm1","DMR","12.5","448.262500","443.262500","-NULL-","TIGHT","Always","Medium","Medium","300","0","LOW","No","No","No","No","No","000.0","000.0","180","DTMF-2","DTMF-2","NO","NO","NO","NO","NO","NO","NO","NO","NO","NO","NO","NO","NONE","TRBO6 Comm1","National","1","NONE","16","1"
"C.TRBO6 Comm2","DMR","12.5","448.262500","443.262500","-NULL-","TIGHT","Always","Medium","Medium","300","0","LOW","No","No","No","No","No","000.0","000.0","180","DTMF-2","DTMF-2","NO","NO","NO","NO","NO","NO","NO","NO","NO","NO","NO","NO","NONE","TRBO6 Comm2","National","1","NONE","16","2"
"C.TX Statewide","DMR","12.5","448.262500","443.262500","C.Hurst","NORMAL","Always","Medium","Medium","300","0","LOW","No","No","No","No","No","NONE","NONE","120","Off","Off","NO","NO","NO","NO","NO","NO","NO","NO","NO","NO","NO","NO","NONE","Texas","Statewide 2","1","NONE","1","1"
"C.Tennesee","DMR","12.5","448.262500","443.262500","-NULL-","TIGHT","Always","Medium","Medium","300","0","LOW","No","No","No","No","No","000.0","000.0","180","DTMF-2","DTMF-2","NO","NO","NO","NO","NO","NO","NO","NO","NO","NO","NO","NO","NONE","Tennessee","Statewide 2","1","NONE","16","1"
"C.Texas Nexus","DMR","12.5","448.262500","443.262500","C.Hurst","NORMAL","Always","Medium","Medium","300","0","LOW","No","No","No","No","No","NONE","NONE","120","Off","Off","NO","NO","NO","NO","NO","NO","NO","NO","NO","NO","NO","NO","NONE","Texas Nexus","Statewide 2","1","NONE","1","1"
"C.UAe 1","DMR","12.5","448.262500","443.262500","-NULL-","TIGHT","Always","Medium","Medium","300","0","LOW","No","No","No","No","No","000.0","000.0","180","DTMF-2","DTMF-2","NO","NO","NO","NO","NO","NO","NO","NO","NO","NO","NO","NO","NONE","UAe 1","Worldwide","1","NONE","16","1"
"C.UAe 2","DMR","12.5","448.262500","443.262500","-NULL-","TIGHT","Always","Medium","Medium","300","0","LOW","No","No","No","No","No","000.0","000.0","180","DTMF-2","DTMF-2","NO","NO","NO","NO","NO","NO","NO","NO","NO","NO","NO","NO","NONE","UAe 2","Worldwide","1","NONE","16","2"
"C.USA","DMR","12.5","448.262500","443.262500","-NULL-","TIGHT","Always","Medium","Medium","300","0","LOW","No","No","No","No","No","000.0","000.0","180","DTMF-2","DTMF-2","NO","NO","NO","NO","NO","NO","NO","NO","NO","NO","NO","NO","NONE","USA 1776","National","1","NONE","16","2"
"C.WW","DMR","12.5","448.262500","443.262500","C.Hurst","NORMAL","Always","Medium","Medium","300","0","LOW","No","No","No","No","No","NONE","NONE","120","Off","Off","NO","NO","NO","NO","NO","NO","NO","NO","NO","NO","NO","NO","NONE","Worldwide","Worldwide","1","NONE","1","2"
"C.WWe","DMR","12.5","448.262500","443.262500","C.Hurst","NORMAL","Always","Medium","Medium","300","0","LOW","No","No","No","No","No","NONE","NONE","120","Off","Off","NO","NO","NO","NO","NO","NO","NO","NO","NO","NO","NO","NO","NONE","WW English","Worldwide","1","NONE","1","2"
"C.Washington","DMR","12.5","448.262500","443.262500","-NULL-","TIGHT","Always","Medium","Medium","30","0","LOW","No","No","No","No","No","000.0","000.0","180","DTMF-2","DTMF-2","NO","NO","NO","NO","NO","NO","NO","NO","NO","NO","NO","NO","NONE","Washington","Statewide 2","1","NONE","16","1"
"C.Wisconsin","DMR","12.5","448.262500","443.262500","-NULL-","TIGHT","Always","Medium","Medium","300","0","LOW","No","No","No","No","No","000.0","000.0","180","DTMF-2","DTMF-2","NO","NO","NO","NO","NO","NO","NO","NO","NO","NO","NO","NO","NONE","Wisconsin","Statewide 2","1","NONE","16","1"
"D.BM 3148","DMR","12.5","445.537500","440.537500","D.Ft.Worth","NORMAL","Always","Medium","Medium","300","0","LOW","No","No","No","No","No","NONE","NONE","120","Off","Off","NO","NO","NO","NO","NO","NO","NO","NO","NO","NO","NO","NO","NONE","BM 3148","Statewide 2","1","NONE","1","1"
"D.Cactus","DMR","12.5","445.537500","440.537500","D.Ft.Worth","NORMAL","Always","Medium","Medium","300","0","LOW","No","No","No","No","No","NONE","NONE","120","Off","Off","NO","NO","NO","NO","NO","NO","NO","NO","NO","NO","NO","NO","NONE","Cactus","Regional","1","NONE","1","2"
"D.DCI Bridge","DMR","12.5","445.537500","440.537500","D.Ft.Worth","NORMAL","Always","Medium","Medium","300","0","LOW","No","No","No","No","No","NONE","NONE","120","Off","Off","NO","NO","NO","NO","NO","NO","NO","NO","NO","NO","NO","NO","NONE","DCI Bridge","National","1","NONE","1","2"
"D.Local","DMR","12.5","445.537500","440.537500","D.Ft.Worth","NORMAL","Always","Medium","Medium","300","0","LOW","No","No","No","No","No","NONE","NONE","120","Off","Off","NO","NO","NO","NO","NO","NO","NO","NO","NO","NO","NO","NO","NONE","Local","Local","1","NONE","1","1"
"D.Metro","DMR","12.5","445.537500","440.537500","D.Ft.Worth","NORMAL","Always","Medium","Medium","300","0","LOW","No","No","No","No","No","NONE","NONE","120","Off","Off","NO","NO","NO","NO","NO","NO","NO","NO","NO","NO","NO","NO","NONE","Metro 1","Local","1","NONE","1","2"
"D.NA","DMR","12.5","445.537500","440.537500","D.Ft.Worth","NORMAL","Always","Medium","Medium","300","0","LOW","No","No","No","No","No","NONE","NONE","120","Off","Off","NO","NO","NO","NO","NO","NO","NO","NO","NO","NO","NO","NO","NONE","North America","National","1","NONE","1","1"
"D.S.Plains","DMR","12.5","445.537500","440.537500","D.Ft.Worth","NORMAL","Always","Medium","Medium","300","0","LOW","No","No","No","No","No","NONE","NONE","120","Off","Off","NO","NO","NO","NO","NO","NO","NO","NO","NO","NO","NO","NO","NONE","S.Plains","Regional","1","NONE","1","2"
"D.TAC310","DMR","12.5","445.537500","440.537500","D.Ft.Worth","NORMAL","Always","Medium","Medium","300","0","LOW","No","No","No","No","No","NONE","NONE","120","Off","Off","NO","NO","NO","NO","NO","NO","NO","NO","NO","NO","NO","NO","NONE","TAC310","Worldwide","1","NONE","1","1"
"D.TAC311","DMR","12.5","445.537500","440.537500","D.Ft.Worth","NORMAL","Always","Medium","Medium","300","0","LOW","No","No","No","No","No","NONE","NONE","120","Off","Off","NO","NO","NO","NO","NO","NO","NO","NO","NO","NO","NO","NO","NONE","TAC311","Worldwide","1","NONE","1","2"
"D.TX Statewide","DMR","12.5","445.537500","440.537500","D.Ft.Worth","NORMAL","Always","Medium","Medium","300","0","LOW","No","No","No","No","No","NONE","NONE","120","Off","Off","NO","NO","NO","NO","NO","NO","NO","NO","NO","NO","NO","NO","NONE","Texas","Statewide 2","1","NONE","1","2"
"D.WW","DMR","12.5","445.537500","440.537500","D.Ft.Worth","NORMAL","Always","Medium","Medium","300","0","LOW","No","No","No","No","No","NONE","NONE","120","Off","Off","NO","NO","NO","NO","NO","NO","NO","NO","NO","NO","NO","NO","NONE","Worldwide","Worldwide","1","NONE","1","1"
"D.WWe","DMR","12.5","445.537500","440.537500","D.Ft.Worth","NORMAL","Always","Medium","Medium","300","0","LOW","No","No","No","No","No","NONE","NONE","120","Off","Off","NO","NO","NO","NO","NO","NO","NO","NO","NO","NO","NO","NO","NONE","WW English","Worldwide","1","NONE","1","1"
"E.Cactus","DMR","12.5","446.725000","441.725000","E.Venus","NORMAL","Always","Medium","Medium","300","0","LOW","No","No","No","No","No","NONE","NONE","120","Off","Off","NO","NO","NO","NO","NO","NO","NO","NO","NO","NO","NO","NO","NONE","Cactus","Regional","1","NONE","1","2"
"E.DCI Bridge","DMR","12.5","446.725000","441.725000","E.Venus","NORMAL","Always","Medium","Medium","300","0","LOW","No","No","No","No","No","NONE","NONE","120","Off","Off","NO","NO","NO","NO","NO","NO","NO","NO","NO","NO","NO","NO","NONE","DCI Bridge","National","1","NONE","1","1"
"E.Metro","DMR","12.5","446.725000","441.725000","E.Venus","NORMAL","Always","Medium","Medium","300","0","LOW","No","No","No","No","No","NONE","NONE","120","Off","Off","NO","NO","NO","NO","NO","NO","NO","NO","NO","NO","NO","NO","NONE","Metro 1","Local","1","NONE","1","2"
"E.Mid Atlantic","DMR","12.5","446.725000","441.725000","E.Venus","NORMAL","Always","Medium","Medium","300","0","LOW","No","No","No","No","No","NONE","NONE","120","Off","Off","NO","NO","NO","NO","NO","NO","NO","NO","NO","NO","NO","NO","NONE","Mid Atlantic","Regional","1","NONE","1","2"
"E.NA","DMR","12.5","446.725000","441.725000","E.Venus","NORMAL","Always","Medium","Medium","300","0","LOW","No","No","No","No","No","NONE","NONE","120","Off","Off","NO","NO","NO","NO","NO","NO","NO","NO","NO","NO","NO","NO","NONE","North America","National","1","NONE","1","1"
"E.S.Plains","DMR","12.5","446.725000","441.725000","E.Venus","NORMAL","Always","Medium","Medium","300","0","LOW","No","No","No","No","No","NONE","NONE","120","Off","Off","NO","NO","NO","NO","NO","NO","NO","NO","NO","NO","NO","NO","NONE","S.Plains","Regional","1","NONE","1","2"
"E.SE Region","DMR","12.5","446.725000","441.725000","E.Venus","NORMAL","Always","Medium","Medium","300","0","LOW","No","No","No","No","No","NONE","NONE","120","Off","Off","NO","NO","NO","NO","NO","NO","NO","NO","NO","NO","NO","NO","NONE","SE Region","Regional","1","NONE","1","2"
"E.TAC310","DMR","12.5","446.725000","441.725000","E.Venus","NORMAL","Always","Medium","Medium","300","0","LOW","No","No","No","No","No","NONE","NONE","120","Off","Off","NO","NO","NO","NO","NO","NO","NO","NO","NO","NO","NO","NO","NONE","TAC310","Worldwide","1","NONE","1","1"
"E.TAC311","DMR","12.5","446.725000","441.725000","E.Venus","NORMAL","Always","Medium","Medium","300","0","LOW","No","No","No","No","No","NONE","NONE","120","Off","Off","NO","NO","NO","NO","NO","NO","NO","NO","NO","NO","NO","NO","NONE","TAC311","Worldwide","1","NONE","1","2"
"E.TX Statewide","DMR","12.5","446.725000","441.725000","E.Venus","NORMAL","Always","Medium","Medium","300","0","LOW","No","No","No","No","No","NONE","NONE","120","Off","Off","NO","NO","NO","NO","NO","NO","NO","NO","NO","NO","NO","NO","NONE","Texas","Statewide 2","1","NONE","1","1"
"E.WW","DMR","12.5","446.725000","441.725000","E.Venus","NORMAL","Always","Medium","Medium","300","0","LOW","No","No","No","No","No","NONE","NONE","120","Off","Off","NO","NO","NO","NO","NO","NO","NO","NO","NO","NO","NO","NO","NONE","Worldwide","Worldwide","1","NONE","1","1"
"E.WWe","DMR","12.5","446.725000","441.725000","E.Venus","NORMAL","Always","Medium","Medium","300","0","LOW","No","No","No","No","No","NONE","NONE","120","Off","Off","NO","NO","NO","NO","NO","NO","NO","NO","NO","NO","NO","NO","NONE","WW English","Worldwide","1","NONE","1","1"
"F.BM 3148","DMR","12.5","448.275000","443.275000","F.Hillsboro","NORMAL","Always","Medium","Medium","300","0","LOW","No","No","No","No","No","NONE","NONE","120","Off","Off","NO","NO","NO","NO","NO","NO","NO","NO","NO","NO","NO","NO","NONE","BM 3148","Statewide 2","9","NONE","1","1"
"F.Crossroads","DMR","12.5","448.275000","443.275000","F.Hillsboro","NORMAL","Always","Medium","Medium","300","0","LOW","No","No","No","No","No","NONE","NONE","120","Off","Off","NO","NO","NO","NO","NO","NO","NO","NO","NO","NO","NO","NO","NONE","Crossroads","National","9","NONE","1","2"
"F.Metro","DMR","12.5","448.275000","443.275000","F.Hillsboro","NORMAL","Always","Medium","Medium","300","0","LOW","No","No","No","No","No","NONE","NONE","120","Off","Off","NO","NO","NO","NO","NO","NO","NO","NO","NO","NO","NO","NO","NONE","Metro 1","Local","9","NONE","1","2"
"F.NA","DMR","12.5","448.275000","443.275000","F.Hillsboro","NORMAL","Always","Medium","Medium","300","0","LOW","No","No","No","No","No","NONE","NONE","120","Off","Off","NO","NO","NO","NO","NO","NO","NO","NO","NO","NO","NO","NO","NONE","North America","National","9","NONE","1","2"
"F.Oklahoma 2","DMR","12.5","448.275000","443.275000","F.Hillsboro","NORMAL","Always","Medium","Medium","300","0","LOW","No","No","No","No","No","NONE","NONE","120","Off","Off","NO","NO","NO","NO","NO","NO","NO","NO","NO","NO","NO","NO","NONE","Oklahoma 2","Statewide 2","9","NONE","1","1"
"F.TAC310","DMR","12.5","448.275000","443.275000","F.Hillsboro","NORMAL","Always","Medium","Medium","300","0","LOW","No","No","No","No","No","NONE","NONE","120","Off","Off","NO","NO","NO","NO","NO","NO","NO","NO","NO","NO","NO","NO","NONE","TAC310","Worldwide","9","NONE","1","1"
"F.TAC311","DMR","12.5","448.275000","443.275000","F.Hillsboro","NORMAL","Always","Medium","Medium","300","0","LOW","No","No","No","No","No","NONE","NONE","120","Off","Off","NO","NO","NO","NO","NO","NO","NO","NO","NO","NO","NO","NO","NONE","TAC311","Worldwide","9","NONE","1","1"
"F.TAC312","DMR","12.5","448.275000","443.275000","F.Hillsboro","NORMAL","Always","Medium","Medium","300","0","LOW","No","No","No","No","No","NONE","NONE","120","Off","Off","NO","NO","NO","NO","NO","NO","NO","NO","NO","NO","NO","NO","NONE","TAC312","Worldwide","9","NONE","1","1"
"F.TX Statewide","DMR","12.5","448.275000","443.275000","F.Hillsboro","NORMAL","Always","Medium","Medium","300","0","LOW","No","No","No","No","No","NONE","NONE","120","Off","Off","NO","NO","NO","NO","NO","NO","NO","NO","NO","NO","NO","NO","NONE","Texas","Statewide 2","9","NONE","1","2"
"F.WW","DMR","12.5","448.275000","443.275000","F.Hillsboro","NORMAL","Always","Medium","Medium","300","0","LOW","No","No","No","No","No","NONE","NONE","120","Off","Off","NO","NO","NO","NO","NO","NO","NO","NO","NO","NO","NO","NO","NONE","Worldwide","Worldwide","9","NONE","1","2"
"FM.2m Simplex","FM","25","146.520000","146.520000","Analog FM","NORMAL","Always","Medium","Medium","300","0","LOW","No","No","No","No","No","NONE","NONE","180","Off","Off","YES","NO","NO","NO","NO","NO","NO","NO","NO","NO","NO","NO","NONE","NONE","NONE","1","NONE","1","1"
"FM.70cm Simplex","FM","25","446.000000","446.000000","Analog FM","NORMAL","Always","Medium","Medium","300","0","LOW","No","No","No","No","No","NONE","NONE","120","Off","Off","YES","NO","NO","NO","NO","NO","NO","NO","NO","NO","NO","NO","NONE","NONE","NONE","1","NONE","1","1"
"FM.Arlington VHF","FM","25","147.740000","147.140000","Analog FM","NORMAL","Always","Medium","Medium","300","0","LOW","No","No","No","No","No","110.9","110.9","120","Off","Off","NO","NO","NO","NO","NO","NO","NO","NO","NO","NO","NO","NO","NONE","NONE","NONE","1","NONE","1","1"
"FM.Bedford UHF","FM","25","447.825000","442.825000","Analog FM","NORMAL","Always","Medium","Medium","300","0","LOW","No","No","No","No","No","110.9","110.9","120","Off","Off","NO","NO","NO","NO","NO","NO","NO","NO","NO","NO","NO","NO","NONE","NONE","NONE","1","NONE","1","1"
"FM.Colleyville U","FM","25","447.900000","441.900000","Analog FM","NORMAL","Always","Medium","Medium","300","0","LOW","No","No","No","No","No","NONE","110.9","120","Off","Off","NO","NO","NO","NO","NO","NO","NO","NO","NO","NO","NO","NO","NONE","NONE","NONE","1","NONE","1","1"
"FM.Dallas VHF 67","FM","25","146.100000","146.700000","Analog FM","NORMAL","Always","Medium","Medium","300","0","LOW","No","No","No","No","No","110.9","110.9","120","Off","Off","NO","NO","NO","NO","NO","NO","NO","NO","NO","NO","NO","NO","NONE","NONE","NONE","1","NONE","1","1"
"FM.Dallas VHF 88","FM","25","146.280000","146.880000","Analog FM","NORMAL","Always","Medium","Medium","300","0","LOW","No","No","No","No","No","110.9","110.9","120","Off","Off","NO","NO","NO","NO","NO","NO","NO","NO","NO","NO","NO","NO","NONE","NONE","NONE","1","NONE","1","1"
"FM.Euless UHF","FM","25","447.900000","442.900000","Analog FM","NORMAL","Always","Medium","Medium","300","0","LOW","No","No","No","No","No","NONE","110.9","120","Off","Off","NO","NO","NO","NO","NO","NO","NO","NO","NO","NO","NO","NO","NONE","NONE","NONE","1","NONE","1","1"
"FM.Ft Worth V94","FM","25","146.340000","146.940000","Analog FM","NORMAL","Always","Medium","Medium","300","0","LOW","No","No","No","No","No","NONE","110.9","120","Off","Off","NO","NO","NO","NO","NO","NO","NO","NO","NO","NO","NO","NO","NONE","NONE","NONE","1","NONE","1","1"
"FM.Haltom VHF","FM","25","144.730000","145.330000","Analog FM","NORMAL","Always","Medium","Medium","300","0","LOW","No","No","No","No","No","110.9","110.9","180","Off","Off","NO","NO","NO","NO","NO","NO","NO","NO","NO","NO","NO","NO","NONE","NONE","NONE","1","NONE","1","1"
"FM.Hurst Simplex","FM","25","146.400000","146.400000","Analog FM","NORMAL","Always","Medium","Medium","300","0","LOW","No","No","No","No","No","NONE","NONE","180","Off","Off","YES","YES","YES","YES","YES","YES","YES","YES","YES","YES","YES","YES","NONE","NONE","NONE","15","NONE","16","1"
"FM.Hurst UHF FM","FM","25","447.850000","442.850000","Analog FM","NORMAL","Always","Medium","Medium","300","0","LOW","No","No","No","No","No","110.9","110.9","120","Off","Off","NO","NO","NO","NO","NO","NO","NO","NO","NO","NO","NO","NO","NONE","NONE","NONE","1","NONE","1","1"
"FM.Hurst VHF FM","FM","25","147.700000","147.100000","Analog FM","NORMAL","Always","Medium","Medium","300","0","LOW","No","No","No","No","No","110.9","110.9","120","Off","Off","NO","NO","NO","NO","NO","NO","NO","NO","NO","NO","NO","NO","NONE","NONE","NONE","1","NONE","1","1"
"FM.Keller VHF","FM","25","147.800000","147.200000","Analog FM","NORMAL","Always","Medium","Medium","300","0","LOW","No","No","No","No","No","NONE","110.9","120","Off","Off","NO","NO","NO","NO","NO","NO","NO","NO","NO","NO","NO","NO","NONE","NONE","NONE","1","NONE","1","1"
"FM.NETARC VHF 54","FM","25","144.800000","145.400000","Analog FM","NORMAL","Always","Medium","Medium","300","0","LOW","No","No","No","No","No","NONE","110.9","120","Off","Off","NO","NO","NO","NO","NO","NO","NO","NO","NO","NO","NO","NO","NONE","NONE","NONE","1","NONE","1","1"
"FM.NRH VHF","FM","25","144.770000","145.370000","Analog FM","NORMAL","Always","Medium","Medium","300","0","LOW","No","No","No","No","No","NONE","110.9","120","Off","Off","NO","NO","NO","NO","NO","NO","NO","NO","NO","NO","NO","NO","NONE","NONE","NONE","1","NONE","1","1"
"G.Audio Test","DMR","12.5","446.337500","441.337500","G.Fairview","NORMAL","Always","Medium","Medium","300","0","LOW","No","No","No","No","No","NONE","NONE","120","Off","Off","YES","NO","NO","NO","NO","NO","NO","NO","NO","NO","NO","NO","NONE","Audio Test","Local","1","NONE","1","2"
"G.DCI Bridge","DMR","12.5","446.337500","441.337500","G.Fairview","NORMAL","Always","Medium","Medium","300","0","LOW","No","No","No","No","No","NONE","NONE","120","Off","Off","YES","NO","NO","NO","NO","NO","NO","NO","NO","NO","NO","NO","NONE","DCI Bridge","National","1","NONE","1","2"
"G.Local","DMR","12.5","446.337500","441.337500","G.Fairview","NORMAL","Always","Medium","Medium","300","0","LOW","No","No","No","No","No","NONE","NONE","120","Off","Off","YES","NO","NO","NO","NO","NO","NO","NO","NO","NO","NO","NO","NONE","Local","Local","1","NONE","1","2"
"G.Metro","DMR","12.5","446.337500","441.337500","G.Fairview","NORMAL","Always","Medium","Medium","300","0","LOW","No","No","No","No","No","NONE","NONE","120","Off","Off","YES","NO","NO","NO","NO","NO","NO","NO","NO","NO","NO","NO","NONE","Metro 1","Local","1","NONE","1","2"
"G.NA","DMR","12.5","446.337500","441.337500","G.Fairview","NORMAL","Always","Medium","Medium","300","0","LOW","No","No","No","No","No","NONE","NONE","120","Off","Off","YES","NO","NO","NO","NO","NO","NO","NO","NO","NO","NO","NO","NONE","North America","National","1","NONE","1","1"
"G.Parrot","DMR","12.5","446.337500","441.337500","G.Fairview","NORMAL","Always","Medium","Medium","300","0","LOW","No","No","No","No","No","NONE","NONE","120","Off","Off","YES","NO","NO","NO","NO","NO","NO","NO","NO","NO","NO","NO","NONE","Parrot","Local","1","NONE","1","2"
"G.TAC310","DMR","12.5","446.337500","441.337500","G.Fairview","NORMAL","Always","Medium","Medium","300","0","LOW","No","No","No","No","No","NONE","NONE","120","Off","Off","YES","NO","NO","NO","NO","NO","NO","NO","NO","NO","NO","NO","NONE","TAC310","Worldwide","1","NONE","1","2"
"G.TX Statewide","DMR","12.5","446.337500","441.337500","G.Fairview","NORMAL","Always","Medium","Medium","300","0","LOW","No","No","No","No","No","NONE","NONE","120","Off","Off","YES","NO","NO","NO","NO","NO","NO","NO","NO","NO","NO","NO","NONE","Texas","Statewide 2","1","NONE","1","2"
"G.WW","DMR","12.5","446.337500","441.337500","G.Fairview","NORMAL","Always","Medium","Medium","300","0","LOW","No","No","No","No","No","NONE","NONE","120","Off","Off","YES","NO","NO","NO","NO","NO","NO","NO","NO","NO","NO","NO","NONE","Worldwide","Worldwide","1","NONE","1","1"
"G.WWe","DMR","12.5","446.337500","441.337500","G.Fairview","NORMAL","Always","Medium","Medium","300","0","LOW","No","No","No","No","No","NONE","NONE","120","Off","Off","YES","NO","NO","NO","NO","NO","NO","NO","NO","NO","NO","NO","NONE","WW English","Worldwide","1","NONE","1","1"
"H.AR NSX Local","DMR","12.5","447.650000","442.650000","H.Little Rock","NORMAL","Always","Medium","Medium","300","0","LOW","No","No","No","No","No","NONE","NONE","120","Off","Off","NO","NO","NO","NO","NO","NO","NO","NO","NO","NO","NO","NO","NONE","AR NSX Local","Local","1","NONE","1","2"
"H.Arkansas","DMR","12.5","447.650000","442.650000","H.Little Rock","NORMAL","Always","Medium","Medium","300","0","LOW","No","No","No","No","No","NONE","NONE","120","Off","Off","NO","NO","NO","NO","NO","NO","NO","NO","NO","NO","NO","NO","NONE","Arkansas","Statewide 2","1","NONE","1","2"
"H.Audio Test","DMR","12.5","447.650000","442.650000","H.Little Rock","NORMAL","Always","Medium","Medium","300","0","LOW","No","No","No","No","No","NONE","NONE","120","Off","Off","NO","NO","NO","NO","NO","NO","NO","NO","NO","NO","NO","NO","NONE","Audio Test","Local","1","NONE","1","1"
"H.BM NA","DMR","12.5","447.650000","442.650000","H.Little Rock","NORMAL","Always","Medium","Medium","300","0","LOW","No","No","No","No","No","NONE","NONE","120","Off","Off","NO","NO","NO","NO","NO","NO","NO","NO","NO","NO","NO","NO","NONE","BM North America","National","1","NONE","1","1"
"H.BM Region 5","DMR","12.5","447.650000","442.650000","H.Little Rock","NORMAL","Always","Medium","Medium","300","0","LOW","No","No","No","No","No","NONE","NONE","120","Off","Off","NO","NO","NO","NO","NO","NO","NO","NO","NO","NO","NO","NO","NONE","BM Region 5","Regional","1","NONE","1","1"
"H.BM USA","DMR","12.5","447.650000","442.650000","H.Little Rock","NORMAL","Always","Medium","Medium","300","0","LOW","No","No","No","No","No","NONE","NONE","120","Off","Off","NO","NO","NO","NO","NO","NO","NO","NO","NO","NO","NO","NO","NONE","DCI Bridge","National","1","NONE","1","1"
"H.BM WW","DMR","12.5","447.650000","442.650000","H.Little Rock","NORMAL","Always","Medium","Medium","300","0","LOW","No","No","No","No","No","NONE","NONE","120","Off","Off","NO","NO","NO","NO","NO","NO","NO","NO","NO","NO","NO","NO","NONE","BM Worldwide","Worldwide","1","NONE","1","1"
"I.BM 3148","DMR","12.5","445.662500","440.662500","I.Denton","NORMAL","Always","Medium","Medium","300","0","LOW","No","No","No","No","No","NONE","NONE","120","Off","Off","NO","NO","NO","NO","NO","NO","NO","NO","NO","NO","NO","NO","NONE","BM 3148","Statewide 2","1","NONE","1","2"
"I.DCI Bridge","DMR","12.5","445.662500","440.662500","I.Denton","NORMAL","Always","Medium","Medium","300","0","LOW","No","No","No","No","No","NONE","NONE","120","Off","Off","NO","NO","NO","NO","NO","NO","NO","NO","NO","NO","NO","NO","NONE","DCI Bridge","National","1","NONE","1","2"
"I.Metro","DMR","12.5","445.662500","440.662500","I.Denton","NORMAL","Always","Medium","Medium","300","0","LOW","No","No","No","No","No","NONE","NONE","120","Off","Off","NO","NO","NO","NO","NO","NO","NO","NO","NO","NO","NO","NO","NONE","Metro 1","Local","1","NONE","1","2"
"I.NA","DMR","12.5","445.662500","440.662500","I.Denton","NORMAL","Always","Medium","Medium","300","0","LOW","No","No","No","No","No","NONE","NONE","120","Off","Off","NO","NO","NO","NO","NO","NO","NO","NO","NO","NO","NO","NO","NONE","North America","National","1","NONE","1","1"
"I.S.Plains","DMR","12.5","445.662500","440.662500","I.Denton","NORMAL","Always","Medium","Medium","300","0","LOW","No","No","No","No","No","NONE","NONE","120","Off","Off","NO","NO","NO","NO","NO","NO","NO","NO","NO","NO","NO","NO","NONE","S.Plains","Regional","1","NONE","1","2"
"I.TAC310","DMR","12.5","445.662500","440.662500","I.Denton","NORMAL","Always","Medium","Medium","300","0","LOW","No","No","No","No","No","NONE","NONE","120","Off","Off","NO","NO","NO","NO","NO","NO","NO","NO","NO","NO","NO","NO","NONE","TAC310","Worldwide","1","NONE","1","1"
"I.TAC311","DMR","12.5","445.662500","440.662500","I.Denton","NORMAL","Always","Medium","Medium","300","0","LOW","No","No","No","No","No","NONE","NONE","120","Off","Off","NO","NO","NO","NO","NO","NO","NO","NO","NO","NO","NO","NO","NONE","TAC311","Worldwide","1","NONE","1","2"
"I.TX Statewide","DMR","12.5","445.662500","440.662500","I.Denton","NORMAL","Always","Medium","Medium","300","0","LOW","No","No","No","No","No","NONE","NONE","120","Off","Off","NO","NO","NO","NO","NO","NO","NO","NO","NO","NO","NO","NO","NONE","Texas","Statewide 2","1","NONE","1","1"
"I.WW","DMR","12.5","445.662500","440.662500","I.Denton","NORMAL","Always","Medium","Medium","300","0","LOW","No","No","No","No","No","NONE","NONE","120","Off","Off","NO","NO","NO","NO","NO","NO","NO","NO","NO","NO","NO","NO","NONE","Worldwide","Worldwide","1","NONE","1","1"
"I.WWe","DMR","12.5","445.662500","440.662500","I.Denton","NORMAL","Always","Medium","Medium","300","0","LOW","No","No","No","No","No","NONE","NONE","120","Off","Off","NO","NO","NO","NO","NO","NO","NO","NO","NO","NO","NO","NO","NONE","WW English","Worldwide","1","NONE","1","1"
"J.BM 3148","DMR","12.5","446.975000","441.975000","J.Springtown","NORMAL","Always","Medium","Medium","300","0","LOW","No","No","No","No","No","NONE","NONE","120","Off","Off","NO","NO","NO","NO","NO","NO","NO","NO","NO","NO","NO","NO","NONE","BM 3148","Statewide 2","1","NONE","1","1"
"J.Cactus","DMR","12.5","446.975000","441.975000","J.Springtown","NORMAL","Always","Medium","Medium","300","0","LOW","No","No","No","No","No","NONE","NONE","120","Off","Off","NO","NO","NO","NO","NO","NO","NO","NO","NO","NO","NO","NO","NONE","Cactus","Regional","1","NONE","1","2"
"J.Metro","DMR","12.5","446.975000","441.975000","J.Springtown","NORMAL","Always","Medium","Medium","300","0","LOW","No","No","No","No","No","NONE","NONE","120","Off","Off","NO","NO","NO","NO","NO","NO","NO","NO","NO","NO","NO","NO","NONE","Metro 1","Local","1","NONE","1","2"
"J.NA","DMR","12.5","446.975000","441.975000","J.Springtown","NORMAL","Always","Medium","Medium","300","0","LOW","No","No","No","No","No","NONE","NONE","120","Off","Off","NO","NO","NO","NO","NO","NO","NO","NO","NO","NO","NO","NO","NONE","North America","National","1","NONE","1","1"
"J.S.Plains","DMR","12.5","446.975000","441.975000","J.Springtown","NORMAL","Always","Medium","Medium","300","0","LOW","No","No","No","No","No","NONE","NONE","120","Off","Off","NO","NO","NO","NO","NO","NO","NO","NO","NO","NO","NO","NO","NONE","S.Plains","Regional","1","NONE","1","2"
"J.TAC310","DMR","12.5","446.975000","441.975000","J.Springtown","NORMAL","Always","Medium","Medium","300","0","LOW","No","No","No","No","No","NONE","NONE","120","Off","Off","NO","NO","NO","NO","NO","NO","NO","NO","NO","NO","NO","NO","NONE","TAC310","Worldwide","1","NONE","1","1"
"J.TAC311","DMR","12.5","446.975000","441.975000","J.Springtown","NORMAL","Always","Medium","Medium","300","0","LOW","No","No","No","No","No","NONE","NONE","120","Off","Off","NO","NO","NO","NO","NO","NO","NO","NO","NO","NO","NO","NO","NONE","TAC311","Worldwide","1","NONE","1","2"
"J.TX Statewide","DMR","12.5","446.975000","441.975000","J.Springtown","NORMAL","Always","Medium","Medium","300","0","LOW","No","No","No","No","No","NONE","NONE","120","Off","Off","NO","NO","NO","NO","NO","NO","NO","NO","NO","NO","NO","NO","NONE","Texas","Statewide 2","1","NONE","1","1"
"J.Tarrant County","DMR","12.5","446.975000","441.975000","J.Springtown","NORMAL","Always","Medium","Medium","300","0","LOW","No","No","No","No","No","NONE","NONE","120","Off","Off","NO","NO","NO","NO","NO","NO","NO","NO","NO","NO","NO","NO","NONE","Metro 2","Local","1","NONE","1","1"
"J.WW","DMR","12.5","446.975000","441.975000","J.Springtown","NORMAL","Always","Medium","Medium","300","0","LOW","No","No","No","No","No","NONE","NONE","120","Off","Off","NO","NO","NO","NO","NO","NO","NO","NO","NO","NO","NO","NO","NONE","Worldwide","Worldwide","1","NONE","1","1"
"J.WWe","DMR","12.5","446.975000","441.975000","J.Springtown","NORMAL","Always","Medium","Medium","300","0","LOW","No","No","No","No","No","NONE","NONE","120","Off","Off","NO","NO","NO","NO","NO","NO","NO","NO","NO","NO","NO","NO","NONE","WW English","Worldwide","1","NONE","1","1"
"K.Cactus","DMR","12.5","448.450000","443.450000","K.Aubrey","NORMAL","Always","Medium","Medium","300","0","LOW","No","No","No","No","No","NONE","NONE","120","Off","Off","NO","NO","NO","NO","NO","NO","NO","NO","NO","NO","NO","NO","NONE","Cactus","Regional","1","NONE","1","2"
"K.DCI Bridge","DMR","12.5","448.450000","443.450000","K.Aubrey","NORMAL","Always","Medium","Medium","300","0","LOW","No","No","No","No","No","NONE","NONE","120","Off","Off","NO","NO","NO","NO","NO","NO","NO","NO","NO","NO","NO","NO","NONE","DCI Bridge","National","1","NONE","1","2"
"K.Local","DMR","12.5","448.450000","443.450000","K.Aubrey","NORMAL","Always","Medium","Medium","300","0","LOW","No","No","No","No","No","NONE","NONE","120","Off","Off","NO","NO","NO","NO","NO","NO","NO","NO","NO","NO","NO","NO","NONE","Local","Local","1","NONE","1","2"
"K.Metro","DMR","12.5","448.450000","443.450000","K.Aubrey","NORMAL","Always","Medium","Medium","300","0","LOW","No","No","No","No","No","NONE","NONE","120","Off","Off","NO","NO","NO","NO","NO","NO","NO","NO","NO","NO","NO","NO","NONE","Metro 1","Local","1","NONE","1","1"
"K.Mid Atlantic","DMR","12.5","448.450000","443.450000","K.Aubrey","NORMAL","Always","Medium","Medium","300","0","LOW","No","No","No","No","No","NONE","NONE","120","Off","Off","NO","NO","NO","NO","NO","NO","NO","NO","NO","NO","NO","NO","NONE","Mid Atlantic","Regional","1","NONE","1","2"
"K.NA","DMR","12.5","448.450000","443.450000","K.Aubrey","NORMAL","Always","Medium","Medium","300","0","LOW","No","No","No","No","No","NONE","NONE","120","Off","Off","NO","NO","NO","NO","NO","NO","NO","NO","NO","NO","NO","NO","NONE","North America","National","1","NONE","1","1"
"K.S.Plains","DMR","12.5","448.450000","443.450000","K.Aubrey","NORMAL","Always","Medium","Medium","300","0","LOW","No","No","No","No","No","NONE","NONE","120","Off","Off","NO","NO","NO","NO","NO","NO","NO","NO","NO","NO","NO","NO","NONE","S.Plains","Regional","1","NONE","1","2"
"K.SE Region","DMR","12.5","448.450000","443.450000","K.Aubrey","NORMAL","Always","Medium","Medium","300","0","LOW","No","No","No","No","No","NONE","NONE","120","Off","Off","NO","NO","NO","NO","NO","NO","NO","NO","NO","NO","NO","NO","NONE","SE Region","Regional","1","NONE","1","2"
"K.TAC310","DMR","12.5","448.450000","443.450000","K.Aubrey","NORMAL","Always","Medium","Medium","300","0","LOW","No","No","No","No","No","NONE","NONE","120","Off","Off","NO","NO","NO","NO","NO","NO","NO","NO","NO","NO","NO","NO","NONE","TAC310","Worldwide","1","NONE","1","1"
"K.TAC311","DMR","12.5","448.450000","443.450000","K.Aubrey","NORMAL","Always","Medium","Medium","300","0","LOW","No","No","No","No","No","NONE","NONE","120","Off","Off","NO","NO","NO","NO","NO","NO","NO","NO","NO","NO","NO","NO","NONE","TAC311","Worldwide","1","NONE","1","2"
"K.TX Statewide","DMR","12.5","448.450000","443.450000","K.Aubrey","NORMAL","Always","Medium","Medium","300","0","LOW","No","No","No","No","No","NONE","NONE","120","Off","Off","NO","NO","NO","NO","NO","NO","NO","NO","NO","NO","NO","NO","NONE","Texas","Statewide 2","1","NONE","1","2"
"K.USA","DMR","12.5","448.450000","443.450000","K.Aubrey","NORMAL","Always","Medium","Medium","300","0","LOW","No","No","No","No","No","NONE","NONE","120","Off","Off","NO","NO","NO","NO","NO","NO","NO","NO","NO","NO","NO","NO","NONE","USA 1776","National","1","NONE","1","1"
"K.WW","DMR","12.5","448.450000","443.450000","K.Aubrey","NORMAL","Always","Medium","Medium","300","0","LOW","No","No","No","No","No","NONE","NONE","120","Off","Off","NO","NO","NO","NO","NO","NO","NO","NO","NO","NO","NO","NO","NONE","Worldwide","Worldwide","1","NONE","1","1"
"K.WWe","DMR","12.5","448.450000","443.450000","K.Aubrey","NORMAL","Always","Medium","Medium","300","0","LOW","No","No","No","No","No","NONE","NONE","120","Off","Off","NO","NO","NO","NO","NO","NO","NO","NO","NO","NO","NO","NO","NONE","WW English","Worldwide","1","NONE","1","1"
"L.Metro","DMR","12.5","447.925000","442.925000","L.Corsicana","NORMAL","Always","Medium","Medium","300","0","LOW","No","No","No","No","No","NONE","NONE","120","Off","Off","NO","NO","NO","NO","NO","NO","NO","NO","NO","NO","NO","NO","NONE","Metro 1","Local","9","NONE","1","2"
"L.NA","DMR","12.5","447.925000","442.925000","L.Corsicana","NORMAL","Always","Medium","Medium","300","0","LOW","No","No","No","No","No","NONE","NONE","120","Off","Off","NO","NO","NO","NO","NO","NO","NO","NO","NO","NO","NO","NO","NONE","North America","National","9","NONE","1","2"
"L.S.Plains","DMR","12.5","447.925000","442.925000","L.Corsicana","NORMAL","Always","Medium","Medium","300","0","LOW","No","No","No","No","No","NONE","NONE","120","Off","Off","NO","NO","NO","NO","NO","NO","NO","NO","NO","NO","NO","NO","NONE","S.Plains","Regional","9","NONE","1","2"
"L.TAC310","DMR","12.5","447.925000","442.925000","L.Corsicana","NORMAL","Always","Medium","Medium","300","0","LOW","No","No","No","No","No","NONE","NONE","120","Off","Off","NO","NO","NO","NO","NO","NO","NO","NO","NO","NO","NO","NO","NONE","TAC310","Worldwide","9","NONE","1","1"
"L.TAC311","DMR","12.5","447.925000","442.925000","L.Corsicana","NORMAL","Always","Medium","Medium","300","0","LOW","No","No","No","No","No","060.0","060.0","180","Off","Off","NO","NO","NO","NO","NO","NO","NO","NO","NO","NO","NO","NO","NONE","TAC311","Worldwide","9","NONE","1","1"
"L.TAC312","DMR","12.5","447.925000","442.925000","L.Corsicana","NORMAL","Always","Medium","Medium","300","0","LOW","No","No","No","No","No","060.0","060.0","180","Off","Off","NO","NO","NO","NO","NO","NO","NO","NO","NO","NO","NO","NO","NONE","TAC312","Worldwide","9","NONE","1","1"
"L.TX Statewide","DMR","12.5","447.925000","442.925000","L.Corsicana","NORMAL","Always","Medium","Medium","300","0","LOW","No","No","No","No","No","NONE","NONE","120","Off","Off","NO","NO","NO","NO","NO","NO","NO","NO","NO","NO","NO","NO","NONE","Texas","Statewide 2","9","NONE","1","2"
"L.WW","DMR","12.5","447.925000","442.925000","L.Corsicana","NORMAL","Always","Medium","Medium","300","0","LOW","No","No","No","No","No","NONE","NONE","120","Off","Off","NO","NO","NO","NO","NO","NO","NO","NO","NO","NO","NO","NO","NONE","Worldwide","Worldwide","9","NONE","1","1"
"M.Local","DMR","12.5","445.512500","440.512500","M.KC5HWB","NORMAL","Always","Medium","Medium","300","0","LOW","No","No","No","No","No","NONE","NONE","120","Off","Off","NO","NO","NO","NO","NO","NO","NO","NO","NO","NO","NO","NO","NONE","Local","Local","9","NONE","1","2"
"M.Metro","DMR","12.5","445.512500","440.512500","M.KC5HWB","NORMAL","Always","Medium","Medium","300","0","LOW","No","No","No","No","No","NONE","NONE","120","Off","Off","NO","NO","NO","NO","NO","NO","NO","NO","NO","NO","NO","NO","NONE","Metro 1","Local","9","NONE","1","2"
"M.NA","DMR","12.5","445.512500","440.512500","M.KC5HWB","NORMAL","Always","Medium","Medium","300","0","LOW","No","No","No","No","No","NONE","NONE","120","Off","Off","NO","NO","NO","NO","NO","NO","NO","NO","NO","NO","NO","NO","NONE","North America","National","9","NONE","1","1"
"M.S.Plains","DMR","12.5","445.512500","440.512500","M.KC5HWB","NORMAL","Always","Medium","Medium","300","0","LOW","No","No","No","No","No","NONE","NONE","120","Off","Off","NO","NO","NO","NO","NO","NO","NO","NO","NO","NO","NO","NO","NONE","S.Plains","Regional","9","NONE","1","2"
"M.TAC310","DMR","12.5","445.512500","440.512500","M.KC5HWB","NORMAL","Always","Medium","Medium","300","0","LOW","No","No","No","No","No","NONE","NONE","120","Off","Off","NO","NO","NO","NO","NO","NO","NO","NO","NO","NO","NO","NO","NONE","TAC310","Worldwide","9","NONE","1","2"
"M.TAC311","DMR","12.5","445.512500","440.512500","M.KC5HWB","NORMAL","Always","Medium","Medium","300","0","LOW","No","No","No","No","No","NONE","NONE","120","Off","Off","NO","NO","NO","NO","NO","NO","NO","NO","NO","NO","NO","NO","NONE","TAC311","Worldwide","9","NONE","1","2"
"M.TX Statewide","DMR","12.5","445.512500","440.512500","M.KC5HWB","NORMAL","Always","Medium","Medium","300","0","LOW","No","No","No","No","No","NONE","NONE","120","Off","Off","NO","NO","NO","NO","NO","NO","NO","NO","NO","NO","NO","NO","NONE","Texas","Statewide 2","9","NONE","1","2"
"M.WW","DMR","12.5","445.512500","440.512500","M.KC5HWB","NORMAL","Always","Medium","Medium","300","0","LOW","No","No","No","No","No","NONE","NONE","120","Off","Off","NO","NO","NO","NO","NO","NO","NO","NO","NO","NO","NO","NO","NONE","Worldwide","Worldwide","9","NONE","1","1"
"N.Austin Metro","DMR","12.5","447.650000","442.650000","N.Cedar Park","NORMAL","Always","Medium","Medium","300","0","LOW","No","No","No","No","No","NONE","NONE","120","Off","Off","NO","NO","NO","NO","NO","NO","NO","NO","NO","NO","NO","NO","NONE","Metro 2","Local","1","NONE","1","1"
"N.Cactus","DMR","12.5","447.650000","442.650000","N.Cedar Park","NORMAL","Always","Medium","Medium","300","0","LOW","No","No","No","No","No","NONE","NONE","120","Off","Off","NO","NO","NO","NO","NO","NO","NO","NO","NO","NO","NO","NO","NONE","Cactus","Regional","1","NONE","1","2"
"N.Local","DMR","12.5","447.650000","442.650000","N.Cedar Park","NORMAL","Always","Medium","Medium","300","0","LOW","No","No","No","No","No","NONE","NONE","120","Off","Off","NO","NO","NO","NO","NO","NO","NO","NO","NO","NO","NO","NO","NONE","Local","Local","1","NONE","1","1"
"N.S.Plains","DMR","12.5","447.650000","442.650000","N.Cedar Park","NORMAL","Always","Medium","Medium","300","0","LOW","No","No","No","No","No","NONE","NONE","120","Off","Off","NO","NO","NO","NO","NO","NO","NO","NO","NO","NO","NO","NO","NONE","S.Plains","Regional","1","NONE","1","2"
"N.TX Statewide","DMR","12.5","447.650000","442.650000","N.Cedar Park","NORMAL","Always","Medium","Medium","300","0","LOW","No","No","No","No","No","NONE","NONE","120","Off","Off","NO","NO","NO","NO","NO","NO","NO","NO","NO","NO","NO","NO","NONE","Texas","Statewide 2","1","NONE","1","1"
"O.Metro","DMR","12.5","445.687500","440.687500","O.Rosston","NORMAL","Always","Medium","Medium","300","0","LOW","No","No","No","No","No","NONE","NONE","120","Off","Off","YES","NO","NO","NO","NO","NO","NO","NO","NO","NO","NO","NO","NONE","Metro 1","Local","1","NONE","1","1"
"O.TX Statewide","DMR","12.5","445.687500","440.687500","O.Rosston","NORMAL","Always","Medium","Medium","300","0","LOW","No","No","No","No","No","NONE","NONE","120","Off","Off","YES","NO","NO","NO","NO","NO","NO","NO","NO","NO","NO","NO","NONE","Texas","Statewide 2","1","NONE","1","2"
"P.Cactus","DMR","12.5","445.500000","440.500000","P.Grapevine","NORMAL","Always","Medium","Medium","300","0","LOW","No","No","No","No","No","NONE","NONE","120","Off","Off","NO","NO","NO","NO","NO","NO","NO","NO","NO","NO","NO","NO","NONE","Cactus","Regional","1","NONE","1","2"
"P.DCI Bridge","DMR","12.5","445.500000","440.500000","P.Grapevine","NORMAL","Always","Medium","Medium","300","0","LOW","No","No","No","No","No","NONE","NONE","120","Off","Off","NO","NO","NO","NO","NO","NO","NO","NO","NO","NO","NO","NO","NONE","DCI Bridge","National","1","NONE","1","2"
"P.Local","DMR","12.5","445.500000","440.500000","P.Grapevine","NORMAL","Always","Medium","Medium","300","0","LOW","No","No","No","No","No","NONE","NONE","120","Off","Off","NO","NO","NO","NO","NO","NO","NO","NO","NO","NO","NO","NO","NONE","Local","Local","1","NONE","1","1"
"P.Metro","DMR","12.5","445.500000","440.500000","P.Grapevine","NORMAL","Always","Medium","Medium","300","0","LOW","No","No","No","No","No","NONE","NONE","120","Off","Off","NO","NO","NO","NO","NO","NO","NO","NO","NO","NO","NO","NO","NONE","Metro 1","Local","1","NONE","1","1"
"P.Mid Atlantic","DMR","12.5","445.500000","440.500000","P.Grapevine","NORMAL","Always","Medium","Medium","300","0","LOW","No","No","No","No","No","NONE","NONE","120","Off","Off","NO","NO","NO","NO","NO","NO","NO","NO","NO","NO","NO","NO","NONE","Mid Atlantic","Regional","1","NONE","1","2"
"P.NA","DMR","12.5","445.500000","440.500000","P.Grapevine","NORMAL","Always","Medium","Medium","300","0","LOW","No","No","No","No","No","NONE","NONE","120","Off","Off","NO","NO","NO","NO","NO","NO","NO","NO","NO","NO","NO","NO","NONE","North America","National","1","NONE","1","1"
"P.S.Plains","DMR","12.5","445.500000","440.500000","P.Grapevine","NORMAL","Always","Medium","Medium","300","0","LOW","No","No","No","No","No","NONE","NONE","120","Off","Off","NO","NO","NO","NO","NO","NO","NO","NO","NO","NO","NO","NO","NONE","S.Plains","Regional","1","NONE","1","2"
"P.SE Region","DMR","12.5","445.500000","440.500000","P.Grapevine","NORMAL","Always","Medium","Medium","300","0","LOW","No","No","No","No","No","NONE","NONE","120","Off","Off","NO","NO","NO","NO","NO","NO","NO","NO","NO","NO","NO","NO","NONE","SE Region","Regional","1","NONE","1","2"
"P.TAC310","DMR","12.5","445.500000","440.500000","P.Grapevine","NORMAL","Always","Medium","Medium","300","0","LOW","No","No","No","No","No","NONE","NONE","120","Off","Off","NO","NO","NO","NO","NO","NO","NO","NO","NO","NO","NO","NO","NONE","TAC310","Worldwide","1","NONE","1","1"
"P.TAC311","DMR","12.5","445.500000","440.500000","P.Grapevine","NORMAL","Always","Medium","Medium","300","0","LOW","No","No","No","No","No","NONE","NONE","120","Off","Off","NO","NO","NO","NO","NO","NO","NO","NO","NO","NO","NO","NO","NONE","TAC311","Worldwide","1","NONE","1","2"
"P.TX Statewide","DMR","12.5","445.500000","440.500000","P.Grapevine","NORMAL","Always","Medium","Medium","300","0","LOW","No","No","No","No","No","NONE","NONE","120","Off","Off","NO","NO","NO","NO","NO","NO","NO","NO","NO","NO","NO","NO","NONE","Texas","Statewide 2","1","NONE","1","2"
"P.WW","DMR","12.5","445.500000","440.500000","P.Grapevine","NORMAL","Always","Medium","Medium","300","0","LOW","No","No","No","No","No","NONE","NONE","120","Off","Off","NO","NO","NO","NO","NO","NO","NO","NO","NO","NO","NO","NO","NONE","Worldwide","Worldwide","1","NONE","1","1"
"P.WWe","DMR","12.5","445.500000","440.500000","P.Grapevine","NORMAL","Always","Medium","Medium","300","0","LOW","No","No","No","No","No","NONE","NONE","120","Off","Off","NO","NO","NO","NO","NO","NO","NO","NO","NO","NO","NO","NO","NONE","WW English","Worldwide","1","NONE","1","1"
"Q.BM 3148","DMR","12.5","445.450000","440.450000","Q.Carrollton","NORMAL","Always","Medium","Medium","300","0","LOW","No","No","No","No","No","NONE","NONE","120","Off","Off","NO","NO","NO","NO","NO","NO","NO","NO","NO","NO","NO","NO","NONE","BM 3148","Statewide 2","1","NONE","1","1"
"Q.Cactus","DMR","12.5","445.450000","440.450000","Q.Carrollton","NORMAL","Always","Medium","Medium","300","0","LOW","No","No","No","No","No","NONE","NONE","120","Off","Off","NO","NO","NO","NO","NO","NO","NO","NO","NO","NO","NO","NO","NONE","Cactus","Regional","1","NONE","1","2"
"Q.DCI Bridge","DMR","12.5","445.450000","440.450000","Q.Carrollton","NORMAL","Always","Medium","Medium","300","0","LOW","No","No","No","No","No","NONE","NONE","120","Off","Off","NO","NO","NO","NO","NO","NO","NO","NO","NO","NO","NO","NO","NONE","DCI Bridge","National","1","NONE","1","1"
"Q.Local","DMR","12.5","445.450000","440.450000","Q.Carrollton","NORMAL","Always","Medium","Medium","300","0","LOW","No","No","No","No","No","NONE","NONE","120","Off","Off","NO","NO","NO","NO","NO","NO","NO","NO","NO","NO","NO","NO","NONE","Local","Local","1","NONE","1","2"
"Q.Metro","DMR","12.5","445.450000","440.450000","Q.Carrollton","NORMAL","Always","Medium","Medium","300","0","LOW","No","No","No","No","No","NONE","NONE","120","Off","Off","NO","NO","NO","NO","NO","NO","NO","NO","NO","NO","NO","NO","NONE","Metro 1","Local","1","NONE","1","2"
"Q.NA","DMR","12.5","445.450000","440.450000","Q.Carrollton","NORMAL","Always","Medium","Medium","300","0","LOW","No","No","No","No","No","NONE","NONE","120","Off","Off","NO","NO","NO","NO","NO","NO","NO","NO","NO","NO","NO","NO","NONE","North America","National","1","NONE","1","1"
"Q.S.Plains","DMR","12.5","445.450000","440.450000","Q.Carrollton","NORMAL","Always","Medium","Medium","300","0","LOW","No","No","No","No","No","NONE","NONE","120","Off","Off","NO","NO","NO","NO","NO","NO","NO","NO","NO","NO","NO","NO","NONE","S.Plains","Regional","1","NONE","1","2"
"Q.TAC310","DMR","12.5","445.450000","440.450000","Q.Carrollton","NORMAL","Always","Medium","Medium","300","0","LOW","No","No","No","No","No","NONE","NONE","120","Off","Off","NO","NO","NO","NO","NO","NO","NO","NO","NO","NO","NO","NO","NONE","TAC310","Worldwide","1","NONE","1","1"
"Q.TX Statewide","DMR","12.5","445.450000","440.450000","Q.Carrollton","NORMAL","Always","Medium","Medium","300","0","LOW","No","No","No","No","No","NONE","NONE","120","Off","Off","NO","NO","NO","NO","NO","NO","NO","NO","NO","NO","NO","NO","NONE","Texas","Statewide 2","1","NONE","1","2"
"Q.WW","DMR","12.5","445.450000","440.450000","Q.Carrollton","NORMAL","Always","Medium","Medium","300","0","LOW","No","No","No","No","No","NONE","NONE","120","Off","Off","NO","NO","NO","NO","NO","NO","NO","NO","NO","NO","NO","NO","NONE","Worldwide","Worldwide","1","NONE","1","1"
"Q.WWe","DMR","12.5","445.450000","440.450000","Q.Carrollton","NORMAL","Always","Medium","Medium","300","0","LOW","No","No","No","No","No","NONE","NONE","120","Off","Off","NO","NO","NO","NO","NO","NO","NO","NO","NO","NO","NO","NO","NONE","WW English","Worldwide","1","NONE","1","1"
"R. WW","DMR","12.5","446.775000","441.775000","R.Houston","NORMAL","Always","Medium","Medium","300","0","LOW","No","No","No","No","No","NONE","NONE","120","Off","Off","NO","NO","NO","NO","NO","NO","NO","NO","NO","NO","NO","NO","NONE","Worldwide","Worldwide","7","NONE","1","1"
"R.Cactus","DMR","12.5","446.775000","441.775000","R.Houston","NORMAL","Always","Medium","Medium","300","0","LOW","No","No","No","No","No","NONE","NONE","120","Off","Off","NO","NO","NO","NO","NO","NO","NO","NO","NO","NO","NO","NO","NONE","Cactus","Regional","7","NONE","1","2"
"R.DCI Bridge","DMR","12.5","446.775000","441.775000","R.Houston","NORMAL","Always","Medium","Medium","300","0","LOW","No","No","No","No","No","NONE","NONE","120","Off","Off","NO","NO","NO","NO","NO","NO","NO","NO","NO","NO","NO","NO","NONE","DCI Bridge","National","7","NONE","1","1"
"R.Metro","DMR","12.5","446.775000","441.775000","R.Houston","NORMAL","Always","Medium","Medium","300","0","LOW","No","No","No","No","No","NONE","NONE","120","Off","Off","NO","NO","NO","NO","NO","NO","NO","NO","NO","NO","NO","NO","NONE","Metro 1","Local","7","NONE","1","2"
"R.NA","DMR","12.5","446.775000","441.775000","R.Houston","NORMAL","Always","Medium","Medium","300","0","LOW","No","No","No","No","No","NONE","NONE","120","Off","Off","NO","NO","NO","NO","NO","NO","NO","NO","NO","NO","NO","NO","NONE","North America","National","7","NONE","1","1"
"R.S.Plains","DMR","12.5","446.775000","441.775000","R.Houston","NORMAL","Always","Medium","Medium","300","0","LOW","No","No","No","No","No","NONE","NONE","120","Off","Off","NO","NO","NO","NO","NO","NO","NO","NO","NO","NO","NO","NO","NONE","S.Plains","Regional","7","NONE","1","2"
"R.TX Statewide","DMR","12.5","446.775000","441.775000","R.Houston","NORMAL","Always","Medium","Medium","300","0","LOW","No","No","No","No","No","NONE","NONE","120","Off","Off","NO","NO","NO","NO","NO","NO","NO","NO","NO","NO","NO","NO","NONE","Texas","Statewide 2","7","NONE","1","2"
"S.Cactus","DMR","12.5","447.875000","442.875000","S.Palo Pinto","NORMAL","Always","Medium","Medium","300","0","LOW","No","No","No","No","No","NONE","NONE","120","Off","Off","YES","NO","NO","NO","NO","NO","NO","NO","NO","NO","NO","NO","NONE","Cactus","Regional","1","NONE","1","2"
"S.Local","DMR","12.5","447.875000","442.875000","S.Palo Pinto","NORMAL","Always","Medium","Medium","300","0","LOW","No","No","No","No","No","NONE","NONE","120","Off","Off","YES","NO","NO","NO","NO","NO","NO","NO","NO","NO","NO","NO","NONE","Local","Local","1","NONE","1","1"
"S.S.Plains","DMR","12.5","447.875000","442.875000","S.Palo Pinto","NORMAL","Always","Medium","Medium","300","0","LOW","No","No","No","No","No","NONE","NONE","120","Off","Off","YES","NO","NO","NO","NO","NO","NO","NO","NO","NO","NO","NO","NONE","S.Plains","Regional","1","NONE","1","2"
"S.TX Statewide","DMR","12.5","447.875000","442.875000","S.Palo Pinto","NORMAL","Always","Medium","Medium","300","0","LOW","No","No","No","No","No","NONE","NONE","120","Off","Off","YES","NO","NO","NO","NO","NO","NO","NO","NO","NO","NO","NO","NONE","Texas","Statewide 2","1","NONE","1","1"
"S.Tarrant County","DMR","12.5","447.875000","442.875000","S.Palo Pinto","NORMAL","Always","Medium","Medium","300","0","LOW","No","No","No","No","No","NONE","NONE","120","Off","Off","YES","NO","NO","NO","NO","NO","NO","NO","NO","NO","NO","NO","NONE","Metro 2","Local","1","NONE","1","1"
"Silent Bank","DMR","12.5","449.950000","449.950000","-NULL-","NORMAL","Always","Medium","Medium","300","0","LOW","No","Yes","No","No","No","NONE","NONE","180","Off","Off","YES","NO","NO","NO","NO","NO","NO","NO","NO","NO","NO","NO","NONE","Silent","NONE","15","NONE","1","1"
"Sim.DMR Simplex ","DMR","12.5","441.000000","441.000000","DMR Simplex","NORMAL","Always","Medium","Medium","300","0","LOW","No","No","No","No","No","NONE","NONE","120","Off","Off","YES","NO","NO","NO","NO","NO","NO","NO","NO","NO","NO","NO","NONE","DMR Simplex","Local","1","NONE","1","1"
"Sim.DMR Simplex ","DMR","12.5","433.450000","433.450000","DMR Simplex","NORMAL","Always","Medium","Medium","300","0","LOW","No","No","No","No","No","NONE","NONE","120","Off","Off","YES","NO","NO","NO","NO","NO","NO","NO","NO","NO","NO","NO","NONE","DMR Simplex","Local","1","NONE","1","1"
"Sim.DMR Simplex ","DMR","12.5","446.500000","446.500000","DMR Simplex","NORMAL","Always","Medium","Medium","300","0","LOW","No","No","No","No","No","NONE","NONE","120","Off","Off","YES","NO","NO","NO","NO","NO","NO","NO","NO","NO","NO","NO","NONE","DMR Simplex","Local","1","NONE","1","1"
"Sim.DMR Simplex ","DMR","12.5","446.075000","446.075000","DMR Simplex","NORMAL","Always","Medium","Medium","300","0","LOW","No","No","No","No","No","NONE","NONE","120","Off","Off","YES","NO","NO","NO","NO","NO","NO","NO","NO","NO","NO","NO","NONE","DMR Simplex","Local","1","NONE","1","1"
"T.Audio Test","DMR","12.5","449.900000","444.900000","T.Freeport","NORMAL","Always","Medium","Medium","300","0","LOW","No","No","No","No","No","NONE","NONE","120","Off","Off","NO","NO","NO","NO","NO","NO","NO","NO","NO","NO","NO","NO","NONE","Audio Test","Local","1","NONE","1","1"
"T.DCI Bridge","DMR","12.5","449.900000","444.900000","T.Freeport","NORMAL","Always","Medium","Medium","300","0","LOW","No","No","No","No","No","NONE","NONE","120","Off","Off","NO","NO","NO","NO","NO","NO","NO","NO","NO","NO","NO","NO","NONE","DCI Bridge","National","1","NONE","1","2"
"T.Metro","DMR","12.5","449.900000","444.900000","T.Freeport","NORMAL","Always","Medium","Medium","300","0","LOW","No","No","No","No","No","NONE","NONE","120","Off","Off","NO","NO","NO","NO","NO","NO","NO","NO","NO","NO","NO","NO","NONE","Metro 1","Local","1","NONE","1","2"
"T.NA","DMR","12.5","449.900000","444.900000","T.Freeport","NORMAL","Always","Medium","Medium","300","0","LOW","No","No","No","No","No","NONE","NONE","120","Off","Off","NO","NO","NO","NO","NO","NO","NO","NO","NO","NO","NO","NO","NONE","North America","National","1","NONE","1","1"
"T.S.Plains","DMR","12.5","449.900000","444.900000","T.Freeport","NORMAL","Always","Medium","Medium","300","0","LOW","No","No","No","No","No","NONE","NONE","120","Off","Off","NO","NO","NO","NO","NO","NO","NO","NO","NO","NO","NO","NO","NONE","S.Plains","Regional","1","NONE","1","2"
"T.TAC310","DMR","12.5","449.900000","444.900000","T.Freeport","NORMAL","Always","Medium","Medium","300","0","LOW","No","No","No","No","No","NONE","NONE","120","Off","Off","NO","NO","NO","NO","NO","NO","NO","NO","NO","NO","NO","NO","NONE","TAC310","Worldwide","1","NONE","1","1"
"T.TX Statewide","DMR","12.5","449.900000","444.900000","T.Freeport","NORMAL","Always","Medium","Medium","300","0","LOW","No","No","No","No","No","NONE","NONE","120","Off","Off","NO","NO","NO","NO","NO","NO","NO","NO","NO","NO","NO","NO","NONE","Texas","Statewide 2","1","NONE","1","2"
"T.WW","DMR","12.5","449.900000","444.900000","T.Freeport","NORMAL","Always","Medium","Medium","300","0","LOW","No","No","No","No","No","NONE","NONE","120","Off","Off","NO","NO","NO","NO","NO","NO","NO","NO","NO","NO","NO","NO","NONE","Worldwide","Worldwide","1","NONE","1","1"
"T.WWe","DMR","12.5","449.900000","444.900000","T.Freeport","NORMAL","Always","Medium","Medium","300","0","LOW","No","No","No","No","No","NONE","NONE","120","Off","Off","NO","NO","NO","NO","NO","NO","NO","NO","NO","NO","NO","NO","NONE","WW English","Worldwide","1","NONE","1","1"
"U.Metro","DMR","12.5","445.350000","440.350000","U.Weatherford","NORMAL","Always","Medium","Medium","300","0","LOW","No","No","No","No","No","NONE","NONE","120","Off","Off","YES","NO","NO","NO","NO","NO","NO","NO","NO","NO","NO","NO","NONE","Metro 1","Local","1","NONE","1","2"
"U.NA","DMR","12.5","445.350000","440.350000","U.Weatherford","NORMAL","Always","Medium","Medium","300","0","LOW","No","No","No","No","No","NONE","NONE","120","Off","Off","YES","NO","NO","NO","NO","NO","NO","NO","NO","NO","NO","NO","NONE","North America","National","1","NONE","1","1"
"U.S.Plains","DMR","12.5","445.350000","440.350000","U.Weatherford","NORMAL","Always","Medium","Medium","300","0","LOW","No","No","No","No","No","NONE","NONE","120","Off","Off","YES","NO","NO","NO","NO","NO","NO","NO","NO","NO","NO","NO","NONE","S.Plains","Regional","1","NONE","1","2"
"U.TAC310","DMR","12.5","445.350000","440.350000","U.Weatherford","NORMAL","Always","Medium","Medium","300","0","LOW","No","No","No","No","No","NONE","NONE","120","Off","Off","YES","NO","NO","NO","NO","NO","NO","NO","NO","NO","NO","NO","NONE","TAC310","Worldwide","1","NONE","1","1"
"U.TX Statewide","DMR","12.5","445.350000","440.350000","U.Weatherford","NORMAL","Always","Medium","Medium","300","0","LOW","No","No","No","No","No","NONE","NONE","120","Off","Off","YES","NO","NO","NO","NO","NO","NO","NO","NO","NO","NO","NO","NONE","Texas","Statewide 2","1","NONE","1","1"
"U.WW","DMR","12.5","445.350000","440.350000","U.Weatherford","NORMAL","Always","Medium","Medium","300","0","LOW","No","No","No","No","No","NONE","NONE","120","Off","Off","YES","NO","NO","NO","NO","NO","NO","NO","NO","NO","NO","NO","NONE","Worldwide","Worldwide","1","NONE","1","1"
"V.Metro","DMR","12.5","445.525000","440.525000","V.Anna","NORMAL","Always","Medium","Medium","300","0","LOW","No","No","No","No","No","NONE","NONE","120","Off","Off","NO","NO","NO","NO","NO","NO","NO","NO","NO","NO","NO","NO","NONE","Metro 1","Local","1","NONE","1","2"
"V.NA","DMR","12.5","445.525000","440.525000","V.Anna","NORMAL","Always","Medium","Medium","300","0","LOW","No","No","No","No","No","NONE","NONE","120","Off","Off","NO","NO","NO","NO","NO","NO","NO","NO","NO","NO","NO","NO","NONE","North America","National","1","NONE","1","1"
"V.TX Statewide","DMR","12.5","445.525000","440.525000","V.Anna","NORMAL","Always","Medium","Medium","300","0","LOW","No","No","No","No","No","NONE","NONE","120","Off","Off","NO","NO","NO","NO","NO","NO","NO","NO","NO","NO","NO","NO","NONE","Texas","Statewide 2","1","NONE","1","2"
"V.WWe","DMR","12.5","445.525000","440.525000","V.Anna","NORMAL","Always","Medium","Medium","300","0","LOW","No","No","No","No","No","NONE","NONE","120","Off","Off","NO","NO","NO","NO","NO","NO","NO","NO","NO","NO","NO","NO","NONE","WW English","Worldwide","1","NONE","1","1"
"W.DCI Bridge","DMR","12.5","445.687500","440.687500","W.Kemah","NORMAL","Always","Medium","Medium","300","0","LOW","No","No","No","No","No","NONE","NONE","120","Off","Off","YES","NO","NO","NO","NO","NO","NO","NO","NO","NO","NO","NO","NONE","DCI Bridge","National","1","NONE","1","1"
"W.Local","DMR","12.5","445.687500","440.687500","W.Kemah","NORMAL","Always","Medium","Medium","300","0","LOW","No","No","No","No","No","NONE","NONE","120","Off","Off","YES","NO","NO","NO","NO","NO","NO","NO","NO","NO","NO","NO","NONE","Local","Local","1","NONE","1","2"
"W.NA","DMR","12.5","445.687500","440.687500","W.Kemah","NORMAL","Always","Medium","Medium","300","0","LOW","No","No","No","No","No","NONE","NONE","120","Off","Off","YES","NO","NO","NO","NO","NO","NO","NO","NO","NO","NO","NO","NONE","North America","National","1","NONE","1","1"
"W.S.Plains","DMR","12.5","445.687500","440.687500","W.Kemah","NORMAL","Always","Medium","Medium","300","0","LOW","No","No","No","No","No","NONE","NONE","120","Off","Off","YES","NO","NO","NO","NO","NO","NO","NO","NO","NO","NO","NO","NONE","S.Plains","Regional","1","NONE","1","2"
"W.TAC310","DMR","12.5","445.687500","440.687500","W.Kemah","NORMAL","Always","Medium","Medium","300","0","LOW","No","No","No","No","No","NONE","NONE","120","Off","Off","YES","NO","NO","NO","NO","NO","NO","NO","NO","NO","NO","NO","NONE","TAC310","Worldwide","1","NONE","1","1"
"W.TX Statewide","DMR","12.5","445.687500","440.687500","W.Kemah","NORMAL","Always","Medium","Medium","300","0","LOW","No","No","No","No","No","NONE","NONE","120","Off","Off","YES","NO","NO","NO","NO","NO","NO","NO","NO","NO","NO","NO","NONE","Texas","Statewide 2","1","NONE","1","2"
"W.WW","DMR","12.5","445.687500","440.687500","W.Kemah","NORMAL","Always","Medium","Medium","300","0","LOW","No","No","No","No","No","NONE","NONE","120","Off","Off","YES","NO","NO","NO","NO","NO","NO","NO","NO","NO","NO","NO","NONE","Worldwide","Worldwide","1","NONE","1","1"
"X.Houston","DMR","12.5","449.750000","444.750000","X.Spring","NORMAL","Always","Medium","Medium","300","0","LOW","No","No","No","No","No","NONE","NONE","120","Off","Off","YES","NO","NO","NO","NO","NO","NO","NO","NO","NO","NO","NO","NONE","Houston","Local","3","NONE","1","2"
"X.Local","DMR","12.5","449.750000","444.750000","X.Spring","NORMAL","Always","Medium","Medium","300","0","LOW","No","No","No","No","No","NONE","NONE","120","Off","Off","YES","NO","NO","NO","NO","NO","NO","NO","NO","NO","NO","NO","NONE","Metro 1","Local","3","NONE","1","2"
"X.S.Plains","DMR","12.5","449.750000","444.750000","X.Spring","NORMAL","Always","Medium","Medium","300","0","LOW","No","No","No","No","No","NONE","NONE","120","Off","Off","YES","NO","NO","NO","NO","NO","NO","NO","NO","NO","NO","NO","NONE","S.Plains","Regional","3","NONE","1","2"
"X.SETXEmcomm","DMR","12.5","449.750000","444.750000","X.Spring","NORMAL","Always","Medium","Medium","300","0","LOW","No","No","No","No","No","NONE","NONE","120","Off","Off","YES","NO","NO","NO","NO","NO","NO","NO","NO","NO","NO","NO","NONE","SETXEmComm","Local","3","NONE","1","2"
"X.TX Statewide","DMR","12.5","449.750000","444.750000","X.Spring","NORMAL","Always","Medium","Medium","300","0","LOW","No","No","No","No","No","NONE","NONE","120","Off","Off","YES","NO","NO","NO","NO","NO","NO","NO","NO","NO","NO","NO","NONE","Texas","Statewide 2","3","NONE","1","2"
"Y.DCI Bridge","DMR","12.5","447.675000","442.675000","Y.The Woodlands","NORMAL","Always","Medium","Medium","300","0","LOW","No","No","No","No","No","NONE","NONE","120","Off","Off","YES","NO","NO","NO","NO","NO","NO","NO","NO","NO","NO","NO","NONE","DCI Bridge","National","7","NONE","1","1"
"Y.Houston","DMR","12.5","447.675000","442.675000","Y.The Woodlands","NORMAL","Always","Medium","Medium","300","0","LOW","No","No","No","No","No","NONE","NONE","120","Off","Off","YES","NO","NO","NO","NO","NO","NO","NO","NO","NO","NO","NO","NONE","Houston","Local","7","NONE","1","2"
"Y.Local","DMR","12.5","447.675000","442.675000","Y.The Woodlands","NORMAL","Always","Medium","Medium","300","0","LOW","No","No","No","No","No","NONE","NONE","120","Off","Off","YES","NO","NO","NO","NO","NO","NO","NO","NO","NO","NO","NO","NONE","Metro 1","Local","7","NONE","1","2"
"Y.NA","DMR","12.5","447.675000","442.675000","Y.The Woodlands","NORMAL","Always","Medium","Medium","300","0","LOW","No","No","No","No","No","NONE","NONE","120","Off","Off","YES","NO","NO","NO","NO","NO","NO","NO","NO","NO","NO","NO","NONE","North America","National","7","NONE","1","1"
"Y.S.Plains","DMR","12.5","447.675000","442.675000","Y.The Woodlands","NORMAL","Always","Medium","Medium","300","0","LOW","No","No","No","No","No","NONE","NONE","120","Off","Off","YES","NO","NO","NO","NO","NO","NO","NO","NO","NO","NO","NO","NONE","S.Plains","Regional","7","NONE","1","2"
"Y.SETXEmComm","DMR","12.5","447.675000","442.675000","Y.The Woodlands","NORMAL","Always","Medium","Medium","300","0","LOW","No","No","No","No","No","NONE","NONE","120","Off","Off","YES","NO","NO","NO","NO","NO","NO","NO","NO","NO","NO","NO","NONE","SETXEmComm","Local","7","NONE","1","2"
"Y.TAC310","DMR","12.5","447.675000","442.675000","Y.The Woodlands","NORMAL","Always","Medium","Medium","300","0","LOW","No","No","No","No","No","NONE","NONE","120","Off","Off","YES","NO","NO","NO","NO","NO","NO","NO","NO","NO","NO","NO","NONE","TAC310","Worldwide","7","NONE","1","1"
"Y.TAC311","DMR","12.5","447.675000","442.675000","Y.The Woodlands","NORMAL","Always","Medium","Medium","300","0","LOW","No","No","No","No","No","NONE","NONE","120","Off","Off","YES","NO","NO","NO","NO","NO","NO","NO","NO","NO","NO","NO","NONE","TAC311","Worldwide","7","NONE","1","1"
"Y.TAC312","DMR","12.5","447.675000","442.675000","Y.The Woodlands","NORMAL","Always","Medium","Medium","300","0","LOW","No","No","No","No","No","NONE","NONE","120","Off","Off","YES","NO","NO","NO","NO","NO","NO","NO","NO","NO","NO","NO","NONE","TAC312","Worldwide","7","NONE","1","1"
"Y.TX Statewide","DMR","12.5","447.675000","442.675000","Y.The Woodlands","NORMAL","Always","Medium","Medium","300","0","LOW","No","No","No","No","No","NONE","NONE","120","Off","Off","YES","NO","NO","NO","NO","NO","NO","NO","NO","NO","NO","NO","NONE","Texas","Statewide 2","7","NONE","1","2"
"Y.WW","DMR","12.5","447.675000","442.675000","Y.The Woodlands","NORMAL","Always","Medium","Medium","300","0","LOW","No","No","No","No","No","NONE","NONE","120","Off","Off","YES","NO","NO","NO","NO","NO","NO","NO","NO","NO","NO","NO","NONE","Worldwide","Worldwide","7","NONE","1","1"
"Z.DCI Bridge","DMR","12.5","446.875000","441.875000","Z.Houston Hobby","NORMAL","Always","Medium","Medium","300","0","LOW","No","No","No","No","No","NONE","NONE","120","Off","Off","YES","NO","NO","NO","NO","NO","NO","NO","NO","NO","NO","NO","NONE","DCI Bridge","National","2","NONE","1","1"
"Z.Houston","DMR","12.5","446.875000","441.875000","Z.Houston Hobby","NORMAL","Always","Medium","Medium","300","0","LOW","No","No","No","No","No","NONE","NONE","120","Off","Off","YES","NO","NO","NO","NO","NO","NO","NO","NO","NO","NO","NO","NONE","Houston","Local","2","NONE","1","2"
"Z.Local","DMR","12.5","446.875000","441.875000","Z.Houston Hobby","NORMAL","Always","Medium","Medium","300","0","LOW","No","No","No","No","No","NONE","NONE","120","Off","Off","YES","NO","NO","NO","NO","NO","NO","NO","NO","NO","NO","NO","NONE","Local","Local","2","NONE","1","2"
"Z.NA","DMR","12.5","446.875000","441.875000","Z.Houston Hobby","NORMAL","Always","Medium","Medium","300","0","LOW","No","No","No","No","No","NONE","NONE","120","Off","Off","YES","NO","NO","NO","NO","NO","NO","NO","NO","NO","NO","NO","NONE","North America","National","2","NONE","1","1"
"Z.S.Plains","DMR","12.5","446.875000","441.875000","Z.Houston Hobby","NORMAL","Always","Medium","Medium","300","0","LOW","No","No","No","No","No","NONE","NONE","120","Off","Off","YES","NO","NO","NO","NO","NO","NO","NO","NO","NO","NO","NO","NONE","S.Plains","Regional","2","NONE","1","2"
"Z.SETXEmComm","DMR","12.5","446.875000","441.875000","Z.Houston Hobby","NORMAL","Always","Medium","Medium","300","0","LOW","No","No","No","No","No","NONE","NONE","120","Off","Off","YES","NO","NO","NO","NO","NO","NO","NO","NO","NO","NO","NO","NONE","SETXEmComm","Local","2","NONE","1","2"
"Z.TAC310","DMR","12.5","446.875000","441.875000","Z.Houston Hobby","NORMAL","Always","Medium","Medium","300","0","LOW","No","No","No","No","No","NONE","NONE","120","Off","Off","YES","NO","NO","NO","NO","NO","NO","NO","NO","NO","NO","NO","NONE","TAC310","Worldwide","2","NONE","1","1"
"Z.TX Statewide","DMR","12.5","446.875000","441.875000","Z.Houston Hobby","NORMAL","Always","Medium","Medium","300","0","LOW","No","No","No","No","No","NONE","NONE","120","Off","Off","YES","NO","NO","NO","NO","NO","NO","NO","NO","NO","NO","NO","NONE","Texas","Statewide 2","2","NONE","1","2"
"Z.WW","DMR","12.5","446.875000","441.875000","Z.Houston Hobby","NORMAL","Always","Medium","Medium","300","0","LOW","No","No","No","No","No","NONE","NONE","120","Off","Off","YES","NO","NO","NO","NO","NO","NO","NO","NO","NO","NO","NO","NONE","Worldwide","Worldwide","2","NONE","1","1"
